premium,mean_pnl,std_pnl,min_pnl,max_pnl,mean_pct_of_premium
0.06140064866032602,-1.3540589747748508e-05,0.002336431548325964,-0.008851529359530652,0.009705952421435016,-0.022052844787774608
